date,original,sa,trend
1975-01-01,31.1684,32.0971,32.2193
1975-02-01,37.0888,31.9279,33.0795
1975-03-01,36.5423,34.0078,33.7830
1975-04-01,32.0565,34.3196,34.3321
1975-05-01,38.2339,34.8284,34.5731
1975-06-01,34.1709,33.4566,34.5728
1975-07-01,38.0566,34.9084,34.5886
1975-08-01,36.0609,32.6167,34.7535
1975-09-01,39.1626,35.1411,34.9557
1975-10-01,37.6288,34.7939,35.1229
1975-11-01,34.7093,35.0366,35.3734
1975-12-01,22.1007,35.3946,35.7820
1976-01-01,34.7483,35.8940,36.1054
1976-02-01,42.2546,36.6750,36.1794
1976-03-01,39.9010,35.3760,35.9817
1976-04-01,32.9397,35.2398,35.5976
1976-05-01,38.2258,34.9481,35.2354
1976-06-01,36.1308,35.2642,35.0249
1976-07-01,36.8172,33.9460,34.9093
1976-08-01,38.5559,34.8350,34.6179
1976-09-01,37.9818,33.9631,34.0093
1976-10-01,35.5925,33.0711,33.0049
1976-11-01,31.1294,31.2244,31.7436
1976-12-01,22.7123,36.2056,36.4634
1977-01-01,31.6645,32.7352,35.2310
1977-02-01,39.5936,34.2335,34.3821
1977-03-01,37.4873,33.1757,33.8114
1977-04-01,31.1814,33.6138,33.3430
1977-05-01,35.6201,32.6204,32.8628
1977-06-01,32.6762,31.8670,32.1795
1977-07-01,33.6244,31.3058,31.1947
1977-08-01,33.2633,30.0691,30.0663
1977-09-01,32.0874,28.6254,29.1434
1977-10-01,30.3942,28.0332,28.6248
1977-11-01,28.6555,28.5112,28.5228
1977-12-01,17.9581,28.7419,28.6477
1978-01-01,28.9515,29.8592,28.6817
1978-02-01,32.6615,28.1237,28.4329
1978-03-01,31.9622,29.4737,28.0745
1978-04-01,25.0496,27.1642,27.8596
1978-05-01,29.7208,27.2482,27.8565
1978-06-01,28.9060,28.2570,27.9738
1978-07-01,30.0071,28.0639,28.0858
1978-08-01,30.7032,27.8194,28.1022
1978-09-01,29.2427,26.1508,28.0442
1978-10-01,30.5390,27.9372,28.0922
1978-11-01,28.4034,28.0113,28.2116
1978-12-01,17.6377,28.3255,28.3480
1979-01-01,28.7075,29.5969,28.4330
1979-02-01,32.6062,27.9274,28.5197
1979-03-01,32.6746,29.0132,28.6635
1979-04-01,25.9783,28.0971,28.7977
1979-05-01,31.6694,29.0992,28.8194
1979-06-01,29.0654,28.6526,28.7062
1979-07-01,30.0689,28.1927,28.6427
1979-08-01,31.3018,28.4296,28.8101
1979-09-01,32.3249,28.9781,29.1583
1979-10-01,32.7201,29.6978,29.5895
1979-11-01,30.2495,29.6080,29.8239
1979-12-01,18.3745,29.5187,29.6846
1980-01-01,25.0967,25.9360,29.2377
1980-02-01,33.6130,28.6440,28.7343
1980-03-01,31.1570,27.7416,28.3988
1980-04-01,26.4044,28.3180,28.3793
1980-05-01,31.2075,28.7706,28.7680
1980-06-01,29.2492,29.0464,29.5214
1980-07-01,32.3005,30.2163,30.4173
1980-08-01,34.0554,31.2857,31.3112
1980-09-01,35.8267,31.9757,31.9571
1980-10-01,35.3908,31.9114,32.1789
1980-11-01,33.0194,32.4621,32.1886
1980-12-01,19.5163,31.3051,32.3404
1981-01-01,31.1814,32.4959,32.7638
1981-02-01,39.2098,33.5748,33.3233
1981-03-01,37.7281,33.6037,33.7507
1981-04-01,31.6060,33.5980,33.8284
1981-05-01,36.1146,33.4475,33.5486
1981-06-01,32.3216,32.0619,33.3110
1981-07-01,34.7711,32.3984,33.3721
1981-08-01,36.2528,33.2144,33.6379
1981-09-01,38.4031,34.2348,33.9766
1981-10-01,37.7216,34.1209,34.1000
1981-11-01,33.7920,33.0938,33.8503
1981-12-01,20.8565,33.5511,33.2084
1982-01-01,30.1063,31.7612,32.2952
1982-02-01,36.1146,31.1843,31.1347
1982-03-01,32.9006,29.3151,29.6567
1982-04-01,26.6175,28.0350,27.9747
1982-05-01,26.6533,24.6427,26.2106
1982-06-01,24.3616,24.0604,24.3270
1982-07-01,24.3388,22.6687,22.4232
1982-08-01,22.2943,20.3214,20.5581
1982-09-01,20.8793,18.5867,18.8778
1982-10-01,19.2219,17.4544,17.5053
1982-11-01,16.8797,16.4738,16.5896
1982-12-01,11.0211,17.7475,16.1085
1983-01-01,14.9296,15.8716,15.9506
1983-02-01,18.4932,16.0757,16.0414
1983-03-01,18.0427,16.0839,16.2778
1983-04-01,15.7981,16.6302,16.5921
1983-05-01,18.2606,16.8766,17.0244
1983-06-01,17.7727,17.4031,17.6099
1983-07-01,19.5683,18.2232,18.2958
1983-08-01,21.1395,19.1635,19.0769
1983-09-01,22.3187,19.8016,20.0270
1983-10-01,22.8994,20.7349,21.1999
1983-11-01,23.1482,22.4661,22.4573
1983-12-01,14.6514,23.8107,23.6733
1984-01-01,25.3456,27.1264,24.7426
1984-02-01,28.5709,24.9427,25.6963
1984-03-01,29.9974,26.8614,26.6960
1984-04-01,23.6898,25.0388,27.7950
1984-05-01,31.1473,28.7325,28.8574
1984-06-01,30.3731,29.6479,29.6421
1984-07-01,33.2731,30.8989,30.1169
1984-08-01,33.7513,30.3811,30.4660
1984-09-01,33.5903,29.8628,30.9125
1984-10-01,35.1371,31.5541,31.6620
1984-11-01,33.6407,32.3838,32.6480
1984-12-01,20.6483,33.8182,33.6831
1985-01-01,32.1427,34.4326,34.6995
1985-02-01,38.6177,33.8690,35.7200
1985-03-01,40.4752,36.5468,36.7953
1985-04-01,35.8560,38.0628,38.0053
1985-05-01,42.1098,38.8582,39.3600
1985-06-01,41.0965,40.1297,40.7052
1985-07-01,45.3807,42.2003,41.8946
1985-08-01,47.0674,42.4173,42.7266
1985-09-01,48.5036,42.7695,43.0578
1985-10-01,48.0498,42.7991,42.8227
1985-11-01,43.8209,42.0836,42.2675
1985-12-01,23.5727,38.8904,41.7917
1986-01-01,38.3721,40.9830,41.8734
1986-02-01,48.1978,42.3302,42.7711
1986-03-01,46.6786,44.0404,44.4007
1986-04-01,43.4078,46.3607,46.0906
1986-05-01,42.4254,39.3881,39.6055
1986-06-01,41.5487,40.5527,40.0080
1986-07-01,41.9244,39.0905,40.2754
1986-08-01,42.3327,38.2594,40.8451
1986-09-01,48.3555,42.2922,41.8608
1986-10-01,47.7912,42.2205,42.9416
1986-11-01,45.9890,44.1799,43.8396
1986-12-01,26.5606,44.0521,44.4482
1987-01-01,41.1351,43.8167,44.7924
1987-02-01,51.7630,45.7686,44.8137
1987-03-01,49.1135,44.4097,44.5013
1987-04-01,40.2052,43.1254,44.0492
1987-05-01,46.8673,43.7346,43.7073
1987-06-01,44.6537,43.5592,43.9326
1987-07-01,47.2723,44.1394,44.9521
1987-08-01,50.9742,46.0290,46.2794
1987-09-01,54.6826,47.6721,47.4053
1987-10-01,55.1754,48.8331,48.0455
1987-11-01,49.4274,47.2842,48.3658
1987-12-01,28.8674,48.0569,48.6864
1988-01-01,40.6211,42.9236,49.1829
1988-02-01,56.7937,50.4410,49.8037
1988-03-01,54.9136,49.4966,50.5010
1988-04-01,47.2212,50.9216,51.4756
1988-05-01,56.4725,52.6154,53.0287
1988-06-01,55.9996,54.5824,54.8598
1988-07-01,60.1993,56.7122,56.5033
1988-08-01,64.1225,57.6981,57.8555
1988-09-01,66.2563,57.6505,58.9244
1988-10-01,67.3446,59.8227,59.8441
1988-11-01,64.1417,61.2101,60.5831
1988-12-01,35.7768,59.7169,61.3310
1989-01-01,60.0017,62.3312,62.1767
1989-02-01,69.3493,61.7201,63.1660
1989-03-01,68.7569,64.6531,63.8760
1989-04-01,61.6456,66.7292,63.6647
1989-05-01,67.1850,62.5599,62.3403
1989-06-01,60.8222,59.1504,60.4141
1989-07-01,61.8261,58.0735,58.3176
1989-08-01,62.3722,56.0120,56.4115
1989-09-01,62.1573,54.5784,54.5898
1989-10-01,58.7349,52.2860,52.8769
1989-11-01,52.9780,50.5145,51.1010
1989-12-01,29.4463,49.2230,49.2089
1990-01-01,45.9716,47.1310,46.9434
1990-02-01,49.0829,43.7488,44.3007
1990-03-01,45.6673,41.3769,41.5097
1990-04-01,35.5016,38.2510,38.9463
1990-05-01,40.7515,37.9922,36.7575
1990-06-01,35.5365,34.6967,34.7755
1990-07-01,35.0171,32.7474,32.8088
1990-08-01,34.2011,30.6390,30.8428
1990-09-01,32.3457,28.6519,28.9400
1990-10-01,29.2594,26.0910,27.3141
1990-11-01,25.8553,24.6205,25.9603
1990-12-01,15.7880,26.2125,24.7806
1991-01-01,23.4686,23.8731,23.7176
1991-02-01,24.4850,21.8078,22.7078
1991-03-01,22.7343,21.6656,21.7970
1991-04-01,19.7703,21.1956,21.0880
1991-05-01,21.4654,20.0416,20.6782
1991-06-01,20.9245,20.4945,20.5419
1991-07-01,21.9760,20.4616,20.5092
1991-08-01,22.7549,20.4786,20.4185
1991-09-01,22.6721,20.1237,20.2040
1991-10-01,22.0328,19.6720,19.9326
1991-11-01,20.3981,19.4630,19.7430
1991-12-01,11.9880,19.7878,19.6364
1992-01-01,19.2389,19.4842,19.6134
1992-02-01,21.8682,19.4619,19.7068
1992-03-01,21.5412,19.6797,19.9614
1992-04-01,18.9372,20.2039,20.2750
1992-05-01,21.8860,20.6875,20.4660
1992-06-01,20.9394,20.4821,20.4509
1992-07-01,21.4713,19.8731,20.3516
1992-08-01,22.3073,20.1280,20.3319
1992-09-01,23.1563,20.5167,20.4734
1992-10-01,22.9953,20.6146,20.6971
1992-11-01,21.7413,20.7559,20.9364
1992-12-01,14.4888,23.7293,21.1751
1993-01-01,19.9343,20.3633,21.4522
1993-02-01,24.7796,22.0185,21.7055
1993-03-01,23.6967,21.6889,21.9159
1993-04-01,20.6841,22.0439,22.1310
1993-05-01,23.3951,22.1348,22.4512
1993-06-01,23.3922,22.8949,22.8955
1993-07-01,25.1537,23.3144,23.4768
1993-08-01,26.7444,24.1485,24.2203
1993-09-01,27.8048,24.6242,25.1083
1993-10-01,28.9336,26.0702,26.0342
1993-11-01,28.5205,27.0920,26.9185
1993-12-01,19.4349,31.7162,27.7405
1994-01-01,25.6042,26.1457,28.6087
1994-02-01,34.6491,30.5483,29.6044
1994-03-01,33.4699,30.6041,30.6605
1994-04-01,29.5940,31.7195,31.7241
1994-05-01,34.3043,32.4571,32.7943
1994-06-01,33.9156,33.2265,33.8928
1994-07-01,37.9737,35.3217,34.9607
1994-08-01,39.3903,35.6052,35.8766
1994-09-01,40.9485,36.2076,36.4937
1994-10-01,40.7875,36.7445,36.8742
1994-11-01,39.0520,36.8785,37.1869
1994-12-01,22.6277,36.9572,37.4506
1995-01-01,37.4158,38.2781,37.4862
1995-02-01,42.4449,37.1952,37.3502
1995-03-01,40.1206,36.5593,37.0472
1995-04-01,33.6651,36.3266,36.6641
1995-05-01,38.6828,36.5750,36.3429
1995-06-01,36.1764,35.4091,36.1283
1995-07-01,38.5250,35.8141,35.8863
1995-08-01,39.2309,35.5132,35.5228
1995-09-01,39.5042,34.9976,35.1004
1995-10-01,38.0127,34.2681,34.7138
1995-11-01,36.1422,33.9581,34.4257
1995-12-01,21.0663,34.3946,34.2983
1996-01-01,35.0687,35.9328,34.1614
1996-02-01,38.6177,33.6387,33.8354
1996-03-01,36.2496,33.2627,33.3488
1996-04-01,28.6750,30.9304,32.8890
1996-05-01,33.9318,32.0143,32.4854
1996-06-01,32.6827,32.2418,32.0204
1996-07-01,33.9558,31.5641,31.4824
1996-08-01,33.4741,30.3990,30.9763
1996-09-01,34.2051,30.2402,30.5749
1996-10-01,33.7635,30.3880,30.3610
1996-11-01,32.3293,30.4140,30.3535
1996-12-01,18.5371,29.9219,30.4865
1997-01-01,29.8807,30.6418,30.7891
1997-02-01,35.8218,31.1750,31.3084
1997-03-01,33.1866,31.7281,31.9628
1997-04-01,32.6733,35.3085,32.5252
1997-05-01,34.6234,32.7910,32.8849
1997-06-01,33.6696,33.1009,33.1299
1997-07-01,35.2395,32.8150,33.3657
1997-08-01,36.8364,33.5929,33.7671
1997-09-01,38.8731,34.1352,34.3781
1997-10-01,38.6348,34.7265,34.9760
1997-11-01,38.3055,36.1664,35.3634
1997-12-01,22.1418,35.4200,35.5868
1998-01-01,33.7139,34.8145,35.8720
1998-02-01,41.2624,36.0756,36.2736
1998-03-01,40.2133,36.8945,36.7735
1998-04-01,34.2246,37.0973,37.2118
1998-05-01,38.9398,37.0189,37.4976
1998-06-01,38.4941,37.7641,37.8402
1998-07-01,40.5142,37.7688,38.3299
1998-08-01,42.7133,38.7967,38.8499
1998-09-01,45.3774,39.6157,39.3553
1998-10-01,43.3492,39.0393,39.8748
1998-11-01,42.6437,40.1556,40.4665
1998-12-01,25.9620,41.2504,41.1179
1999-01-01,37.7560,39.2353,41.7931
1999-02-01,47.9388,42.1078,42.3385
1999-03-01,46.2964,42.5921,42.7583
1999-04-01,39.5209,42.9953,43.2616
1999-05-01,45.7763,43.4424,43.9216
1999-06-01,45.4189,44.5526,44.7505
1999-07-01,48.5748,45.5240,45.8117
1999-08-01,52.9596,48.0220,48.6118
1999-09-01,58.7970,51.0652,51.2594
1999-10-01,60.1884,54.8907,53.6803
1999-11-01,57.3600,55.3013,55.3359
1999-12-01,44.3980,55.1422,55.8069
2000-01-01,46.4926,57.5316,55.6102
2000-02-01,54.1413,54.3913,55.6584
2000-03-01,56.4919,56.1038,56.5812
2000-04-01,55.0177,57.8193,58.2884
2000-05-01,61.4200,61.3489,60.4124
2000-06-01,63.3027,62.1445,62.2545
2000-07-01,65.5306,62.8623,63.0939
2000-08-01,68.9223,63.6469,62.9822
2000-09-01,66.2595,58.8136,62.4687
2000-10-01,66.2698,60.3931,62.1223
2000-11-01,64.1474,61.4463,61.9796
2000-12-01,51.2105,63.0577,61.8737
2001-01-01,54.1323,65.0149,61.4506
2001-02-01,59.8915,59.9327,60.3822
2001-03-01,59.0498,59.0317,58.8272
2001-04-01,54.6244,57.3831,57.2334
2001-05-01,55.5253,55.2503,55.7920
2001-06-01,55.1057,54.4631,54.5468
2001-07-01,56.4113,53.7144,53.4932
2001-08-01,57.7860,52.2515,52.4269
2001-09-01,58.9764,51.9681,51.3213
2001-10-01,56.1856,49.8686,50.4334
2001-11-01,52.9924,49.6837,50.2865
2001-12-01,39.2562,51.0086,50.8217
2002-01-01,44.2824,55.6860,51.9106
2002-02-01,54.2410,53.8218,53.1691
2002-03-01,52.6201,52.9405,54.1935
2002-04-01,53.4176,56.0696,54.8346
2002-05-01,55.1143,54.6250,55.0206
2002-06-01,55.1012,55.0505,54.8551
2002-07-01,57.0529,54.3317,54.7105
2002-08-01,59.7543,54.6019,54.9632
2002-09-01,62.8732,55.5559,55.6570
2002-10-01,63.6520,56.7646,56.4816
2002-11-01,60.6894,57.4245,57.1732
2002-12-01,44.8593,56.7748,57.6062
2003-01-01,46.5728,58.9428,57.7125
2003-02-01,57.8792,56.9014,57.4743
2003-03-01,57.9661,57.8493,56.9607
2003-04-01,53.2853,55.7551,56.5848
2003-05-01,55.6244,55.6042,56.7083
2003-06-01,57.5301,57.2253,57.5194
2003-07-01,64.9943,62.1533,58.7852
2003-08-01,64.4792,59.6363,60.3352
2003-09-01,69.3539,61.7947,61.7952
2003-10-01,70.8259,63.0936,63.1030
2003-11-01,69.3251,66.2690,63.8560
2003-12-01,55.3458,67.5827,63.9566
2004-01-01,49.5646,64.0292,63.5802
2004-02-01,62.3900,62.0368,63.4643
2004-03-01,65.2965,64.4425,64.2643
2004-04-01,62.9399,65.1779,65.8872
2004-05-01,68.3781,68.4867,67.8587
2004-06-01,71.3325,70.4803,69.7174
2004-07-01,72.6744,70.0080,71.1973
2004-08-01,78.6201,73.1612,72.6211
2004-09-01,82.2730,74.1907,74.3371
2004-10-01,83.2852,75.6750,76.4091
2004-11-01,82.7176,79.1041,78.7202
2004-12-01,68.7017,81.2062,80.8894
2005-01-01,65.5651,82.1304,82.8946
2005-02-01,86.3419,85.7310,84.7768
2005-03-01,86.2113,84.9038,86.5253
2005-04-01,85.9733,88.8611,87.9277
2005-05-01,90.1501,89.7243,88.9009
2005-06-01,89.8573,88.5596,89.6976
2005-07-01,92.3068,89.9472,90.5123
2005-08-01,98.3234,92.3773,91.5768
2005-09-01,101.6011,93.0426,93.0361
2005-10-01,102.5291,93.7760,94.6769
2005-11-01,101.2025,97.4897,96.6800
2005-12-01,84.1569,97.4771,99.4385
2006-01-01,84.3613,102.6358,102.7877
2006-02-01,106.7370,106.0468,105.7206
2006-03-01,110.2905,108.7595,107.6578
2006-04-01,105.5124,109.0818,108.9114
2006-05-01,108.8329,107.6521,109.9824
2006-06-01,113.3662,111.7588,111.2783
2006-07-01,117.0782,114.4346,113.0350
2006-08-01,120.5373,114.0942,114.9789
2006-09-01,124.3045,115.7245,116.9342
2006-10-01,130.4837,120.9636,119.1546
2006-11-01,124.6369,120.7949,122.1618
2006-12-01,112.0179,125.7738,125.9276
2007-01-01,105.2965,125.1206,130.0144
2007-02-01,135.8614,135.1317,134.2969
2007-03-01,139.9619,138.9274,138.7764
2007-04-01,137.9540,141.4646,143.2905
2007-05-01,156.7007,154.9048,147.8614
2007-06-01,156.6037,155.4729,151.9532
2007-07-01,157.8929,155.1406,155.3227
2007-08-01,164.1386,157.3709,158.0632
2007-09-01,168.0004,159.4471,160.2664
2007-10-01,173.0722,163.0835,162.1333
2007-11-01,168.1455,164.2078,163.5215
2007-12-01,149.3432,162.2824,164.6045
2008-01-01,138.7207,159.7024,166.0939
2008-02-01,168.4132,167.4527,168.2389
2008-03-01,170.9836,170.1895,170.2861
2008-04-01,169.2067,172.5212,171.1582
2008-05-01,171.9959,170.0555,170.3229
2008-06-01,167.6690,166.9044,168.0799
2008-07-01,167.9835,165.0196,164.8539
2008-08-01,165.7906,160.0125,160.5694
2008-09-01,165.9482,156.7110,154.6861
2008-10-01,157.6272,147.5579,146.6412
2008-11-01,138.4636,135.4621,136.5535
2008-12-01,114.2158,125.9477,125.1390
2009-01-01,91.2105,113.2847,113.4618
2009-02-01,102.7343,102.2349,103.0503
2009-03-01,95.2454,93.8041,94.7768
2009-04-01,85.2257,88.2569,88.6169
2009-05-01,89.7570,88.0136,84.2604
2009-06-01,82.0221,81.0931,81.4327
2009-07-01,81.6224,78.6001,80.0291
2009-08-01,86.4572,80.5229,80.1457
2009-09-01,92.4670,83.0167,81.9804
2009-10-01,92.0756,83.3454,85.0492
2009-11-01,92.1022,89.0345,88.8264
2009-12-01,83.2761,93.9655,93.0071
2010-01-01,68.3650,91.1804,96.9488
2010-02-01,101.7220,101.4412,100.0552
2010-03-01,104.5476,102.3032,102.4042
2010-04-01,99.2368,101.7923,104.4359
2010-05-01,108.8102,106.7002,106.3400
2010-06-01,109.7576,108.7146,108.2891
2010-07-01,111.9378,109.6248,110.4631
2010-08-01,118.6385,112.7554,112.6827
2010-09-01,124.0182,114.7893,115.1144
2010-10-01,124.1557,117.3322,117.5165
2010-11-01,122.3201,119.3619,119.1486
2010-12-01,110.5959,120.6245,119.6920
2011-01-01,96.5247,118.9288,119.5764
2011-02-01,119.4218,118.2261,119.2780
2011-03-01,122.5148,119.0806,119.0455
2011-04-01,117.1157,119.7242,118.8679
2011-05-01,115.2929,113.1096,118.5118
2011-06-01,118.2978,117.0456,117.7038
2011-07-01,118.9959,117.3185,116.6515
2011-08-01,121.2529,115.5505,115.6496
2011-09-01,122.6312,113.8399,114.7063
2011-10-01,119.7333,114.0124,113.7034
2011-11-01,115.7456,113.1131,112.7670
2011-12-01,97.7063,107.9805,112.0560
2012-01-01,89.3204,110.8495,111.4926
2012-02-01,113.5786,111.2077,110.9792
2012-03-01,114.9540,110.8762,110.3103
2012-04-01,106.5263,108.9702,109.3515
2012-05-01,110.1323,107.7360,108.2210
2012-06-01,107.7864,106.6894,107.0810
2012-07-01,108.0112,106.1319,105.6439
2012-08-01,109.3613,103.7639,103.4474
2012-09-01,107.9598,100.7548,100.4378
2012-10-01,101.5398,96.3704,97.3226
2012-11-01,96.5051,93.8288,94.8324
2012-12-01,82.3122,92.9736,93.3158
2013-01-01,72.7299,93.0000,92.4909
2013-02-01,94.7232,91.3961,91.7118
2013-03-01,95.2398,91.0040,90.5706
2013-04-01,87.3184,89.2307,89.2567
2013-05-01,89.6243,87.1942,87.9605
2013-06-01,87.5763,86.9408,86.7844
2013-07-01,88.0857,86.3424,85.7853
2013-08-01,89.0899,84.3853,85.0359
2013-09-01,91.4078,84.3185,84.5860
2013-10-01,89.6024,84.7287,84.4894
2013-11-01,86.5485,84.5114,84.7638
2013-12-01,74.8876,85.4066,85.2631
2014-01-01,66.1345,85.2852,85.8278
2014-02-01,90.4096,86.4698,86.3307
2014-03-01,93.0407,88.4538,86.4518
2014-04-01,88.6548,90.1633,86.0029
2014-05-01,86.8398,85.1958,85.2870
2014-06-01,84.2751,83.5027,84.7478
2014-07-01,85.7031,84.2610,84.6319
2014-08-01,89.3102,85.4122,84.7482
2014-09-01,92.3337,85.1750,85.0401
2014-10-01,89.9187,84.9197,85.6443
2014-11-01,87.8415,85.9497,86.6375
2014-12-01,78.1639,88.4786,87.8133
2015-01-01,70.3933,89.1393,88.7085
2015-02-01,92.6229,88.9964,89.0441
2015-03-01,93.2624,88.7582,89.2929
2015-04-01,87.9769,89.3447,89.9189
2015-05-01,91.6750,90.8316,90.8094
2015-06-01,93.6652,93.0398,91.7709
2015-07-01,92.9650,91.8719,92.7391
2015-08-01,96.6401,92.6507,93.7499
2015-09-01,103.1504,95.8098,94.7308
2015-10-01,100.2096,95.4649,95.3972
2015-11-01,98.3271,95.6654,95.6477
2015-12-01,85.2439,95.1259,95.6768
2016-01-01,77.1300,95.2903,95.7657
2016-02-01,99.9998,96.9541,96.2030
2016-03-01,101.0889,96.7642,96.9204
2016-04-01,94.7566,96.3895,97.8111
2016-05-01,100.4867,99.9511,98.7447
2016-06-01,100.0600,99.3565,99.4859
2016-07-01,99.2726,99.5621,99.8547
2016-08-01,104.4572,100.2914,99.9276
2016-09-01,107.0362,99.3023,100.1246
2016-10-01,105.5204,100.5944,100.5326
2016-11-01,105.3230,101.5503,101.0653
2016-12-01,88.0539,97.7850,101.9605
2017-01-01,85.0704,101.6117,103.5135
2017-02-01,108.6905,105.9336,105.5186
2017-03-01,111.5124,107.7039,107.5800
2017-04-01,107.8632,110.1349,109.1380
2017-05-01,109.0772,109.1152,110.2147
2017-06-01,111.3172,110.8902,111.1830
2017-07-01,111.8302,111.9099,112.2401
2017-08-01,118.2173,114.0246,113.2736
2017-09-01,120.2202,113.2866,113.7508
2017-10-01,118.6416,113.1119,113.3915
2017-11-01,118.2010,113.4971,112.4281
2017-12-01,100.1403,109.5561,111.0613
2018-01-01,94.8242,110.1786,109.4367
2018-02-01,110.1120,107.7763,107.9847
2018-03-01,109.1360,106.3211,106.8538
2018-04-01,103.2543,105.3256,105.8659
2018-05-01,105.8035,106.6367,104.8817
2018-06-01,101.0380,101.3493,104.2225
2018-07-01,103.7751,103.5090,103.9318
2018-08-01,107.8540,103.8037,103.7792
2018-09-01,110.1855,104.2703,103.2337
2018-10-01,108.8225,102.8859,102.4187
2018-11-01,105.7033,99.9894,101.6459
2018-12-01,89.8874,97.8858,101.4851
2019-01-01,89.6649,104.0101,102.1250
2019-02-01,103.8849,101.9199,102.7815
2019-03-01,104.5875,102.5894,102.8897
2019-04-01,101.8583,103.9380,102.5128
2019-05-01,98.1885,99.5903,101.9078
2019-06-01,101.5509,102.5889,101.1966
2019-07-01,100.8555,100.3032,100.3490
2019-08-01,101.5279,98.3181,99.3991
2019-09-01,104.4697,98.9855,98.2619
2019-10-01,103.4464,97.3117,97.1439
2019-11-01,100.9388,94.8590,96.3213
2019-12-01,89.0267,95.5858,95.1113
2020-01-01,81.0919,94.6261,93.2020
2020-02-01,97.9883,96.7152,90.9028
2020-03-01,89.9557,87.7495,88.8156
2020-04-01,48.0105,49.9183,50.4810
2020-05-01,43.1710,46.1597,52.8510
2020-06-01,55.2612,55.8951,57.1892
2020-07-01,65.4013,64.6718,62.2862
2020-08-01,70.5238,67.9371,67.6176
2020-09-01,76.7628,71.1912,73.3976
2020-10-01,85.3279,79.5850,79.4200
2020-11-01,93.1576,86.6924,85.4298
2020-12-01,87.4325,92.5464,91.5639
2021-01-01,81.0429,94.9824,97.8517
2021-02-01,104.7972,104.2452,104.5537
2021-03-01,115.1083,112.9051,111.5714
2021-04-01,115.6305,117.8880,117.8593
2021-05-01,125.1409,128.1217,122.3598
2021-06-01,125.0151,125.6996,124.8938
2021-07-01,125.8570,126.1050,126.1842
2021-08-01,122.4334,119.7702,126.8773
2021-09-01,124.2854,118.7385,128.0112
2021-10-01,134.2344,129.0197,130.0635
2021-11-01,147.2112,140.0013,132.5629
2021-12-01,132.3063,136.7728,134.7422
2022-01-01,121.7968,135.0941,136.3011
2022-02-01,154.1947,153.5647,154.2778
2022-03-01,157.8685,155.5633,155.0805
2022-04-01,152.8221,155.9814,156.0902
2022-05-01,153.1412,155.9115,157.0293
2022-06-01,158.0281,158.6503,157.4431
2022-07-01,155.6936,157.0674,157.3552
2022-08-01,159.8517,156.8927,157.2774
2022-09-01,162.3664,156.5311,157.3577
2022-10-01,162.0742,156.7146,157.4184
2022-11-01,167.2556,159.8032,157.1693
2022-12-01,149.5999,154.5969,155.9415
2023-01-01,141.1727,153.4710,153.6898
2023-02-01,152.8242,152.0605,151.1232
2023-03-01,149.8646,147.3843,148.8115
2023-04-01,142.4425,146.5132,146.8859
2023-05-01,144.4274,146.7296,145.3161
2023-06-01,141.9355,142.4849,144.5191
2023-07-01,141.7817,143.4426,144.1987
2023-08-01,147.4696,144.1410,143.4510
2023-09-01,148.5191,142.9693,141.7135
2023-10-01,144.3085,138.6987,138.8113
2023-11-01,139.8331,132.3655,135.1581
2023-12-01,125.8398,131.9453,131.8202
2024-01-01,123.7377,134.8489,129.2200
2024-02-01,127.7111,126.4166,127.1471
2024-03-01,126.6644,125.2628,125.0331
2024-04-01,118.7931,122.7210,122.4829
2024-05-01,118.5845,120.2237,119.6273
2024-06-01,114.8181,116.3949,116.9441
2024-07-01,112.6471,114.1872,115.3384
2024-08-01,114.6035,111.4055,115.2670
2024-09-01,121.8201,116.2374,116.1393
2024-10-01,123.9654,117.9384,117.0328
2024-11-01,123.6418,117.0852,117.1820
2024-12-01,109.8385,116.1506,116.6263
2025-01-01,106.4077,116.1200,115.9737
2025-02-01,116.4311,114.8097,115.4534
2025-03-01,116.8644,115.2825,115.1615
2025-04-01,111.5451,115.4924,115.0162
2025-05-01,111.7613,113.6866,115.0359
2025-06-01,114.1141,115.5257,115.0001
2025-07-01,113.2567,114.6231,114.4932
2025-08-01,116.6180,113.8691,113.2823
2025-09-01,117.2572,111.3937,111.5721
2025-10-01,115.9882,109.7112,110.3660
2025-11-01,114.9898,109.3404,110.4720
2025-12-01,101.2136,107.8614,111.7065
2026-01-01,104.8950,114.5777,113.1860
2026-02-01,119.5857,118.3209,114.1871
2026-03-01,116.4908,114.6615,114.6395
2026-04-01,110.0549,113.8959,115.0183
2026-05-01,113.8331,116.1786,115.6330
2026-06-01,115.0034,116.1170,116.2939
2026-07-01,115.9709,117.0533,116.6675
